รหัสจังหวัด,จังหวัด,เขต,ผู้ชนะ,พรรค,คะแนน,คะแนนดี,ผู้มีสิทธิ,มาใช้สิทธิ
10,กรุงเทพมหานคร,1,นายปารเมศ วิทยารักษ์สรรค์,ประชาชน,34167,77075,130445.0,82421
10,กรุงเทพมหานคร,2,นายเสกสิทธิ์ แย้มสงวนศักดิ์,ประชาชน,39499,83874,136434.0,90181
10,กรุงเทพมหานคร,3,นายจรยุทธ จตุรพรประสิทธิ์,ประชาชน,34653,76775,122576.0,82361
10,กรุงเทพมหานคร,4,นายภัณฑิล น่วมเจิม,ประชาชน,34405,77982,129503.0,82948
10,กรุงเทพมหานคร,5,นายปิติกรณ์ บรรณเภสัช,ประชาชน,45269,90792,133983.0,96561
10,กรุงเทพมหานคร,6,นายกัณตภณ ดวงอัมพร,ประชาชน,43239,94391,143091.0,100871
10,กรุงเทพมหานคร,7,นางสาวภัสริน รามวงศ์,ประชาชน,40962,85181,142711.0,92497
10,กรุงเทพมหานคร,8,นายชยพล สท้อนดี,ประชาชน,45092,96755,144013.0,104633
10,กรุงเทพมหานคร,9,นายศุภณัฐ มีนชัยนันท์,ประชาชน,49366,95111,144197.0,102720
10,กรุงเทพมหานคร,10,นายเอกราช อุดมอำนวย,ประชาชน,41804,91913,137980.0,99657
10,กรุงเทพมหานคร,11,นางสาวศศินันท์ ธรรมนิฐินันท์,ประชาชน,38779,94993,137319.0,100367
10,กรุงเทพมหานคร,12,นายภูริวรรธก์ ใจสำราญ,ประชาชน,49925,103439,143108.0,111029
10,กรุงเทพมหานคร,13,เรืออากาศโท ธนเดช เพ็งสุข,ประชาชน,44511,90508,131666.0,97065
10,กรุงเทพมหานคร,14,นายก่อเกียรติ ก่อสูงศักดิ์,ประชาชน,41528,93467,140238.0,99223
10,กรุงเทพมหานคร,16,นางสาวพิมพ์กาญจน์ กีรติวิราปกรณ์,ประชาชน,46021,94218,137721.0,100557
10,กรุงเทพมหานคร,17,นายวีรวุธ รักเที่ยง,ประชาชน,28587,71720,120676.0,79075
10,กรุงเทพมหานคร,18,นายธีรัจชัย พันธุมาศ,ประชาชน,34738,80204,122821.0,87055
10,กรุงเทพมหานคร,19,นายกันต์พงษ์ ประยูรศักดิ์,ประชาชน,42820,92191,135568.0,98920
10,กรุงเทพมหานคร,20,นายชุมพล หลักคำ,ประชาชน,34941,81935,126470.0,87486
10,กรุงเทพมหานคร,21,นายณัฐพงศ์ เปรมพูลสวัสดิ์,ประชาชน,45951,91346,136579.0,96860
10,กรุงเทพมหานคร,22,นายสุภกร ตันติไพบูลย์ธนะ,ประชาชน,42264,85558,133612.0,92301
10,กรุงเทพมหานคร,23,นายชลธาร ทรัพย์ไพบูลย์เลิศ,ประชาชน,46782,94233,144083.0,100477
10,กรุงเทพมหานคร,24,นายณพัฏน์ จิตตภินันท์กัณตา,ประชาชน,46415,89356,142148.0,96919
10,กรุงเทพมหานคร,25,นางสาวแอนศิริ วลัยกนก,ประชาชน,37035,84112,126830.0,89687
10,กรุงเทพมหานคร,26,นาย พงษ์สรณัฐ ทองลี,ประชาชน,44271,90037,139434.0,97121
10,กรุงเทพมหานคร,27,นายนฤพล เลิศปัญญาโรจน์,ประชาชน,43046,90381,134453.0,96276
10,กรุงเทพมหานคร,28,นางสาวชลณัฏฐ์ โกยกุล,ประชาชน,47692,91560,139454.0,99509
10,กรุงเทพมหานคร,29,นางสาวทิสรัตน์ เลาหพล,ประชาชน,46402,96248,144424.0,103966
10,กรุงเทพมหานคร,30,นายธัญธร ธนินวัฒนาธร,ประชาชน,45992,92533,143753.0,99352
10,กรุงเทพมหานคร,31,นายอนุสรณ์ ธรรมใจ,ประชาชน,44722,98491,143750.0,107547
10,กรุงเทพมหานคร,32,นางสาวปวิตรา จิตตกิจ,ประชาชน,39327,85631,142608.0,93917
10,กรุงเทพมหานคร,33,นายเท่าพิภพ ลิ้มจิตรกร,ประชาชน,44860,94416,148164.0,102628
11,สมุทรปราการ,1,นางสาวพนิดา มงคลสวัสดิ์,ประชาชน,43463,87879,130785.0,97099
11,สมุทรปราการ,2,นางสาวรัชนก สุขประเสริฐ,ประชาชน,40979,89135,129095.0,96319
11,สมุทรปราการ,3,นายพิชัย แจ้งจรรยาวงศ์,ประชาชน,45335,88488,141094.0,96436
11,สมุทรปราการ,4,นายชนสิษฎ์ ยอดฉิม,ประชาชน,48876,92620,135983.0,100463
11,สมุทรปราการ,5,นางสาวนิตยา มีศรี,ประชาชน,57198,100245,158312.0,111240
11,สมุทรปราการ,6,นายฐาปกรณ์ กุลเจริญ,ภูมิใจไทย,35571,84514,129990.0,91647
11,สมุทรปราการ,7,นายบุญเลิศ แสงพันธุ์,ประชาชน,46394,97691,149502.0,105577
11,สมุทรปราการ,8,นายเทพฤทธิ์ ภาษี,ประชาชน,40230,103041,150398.0,111859
12,นนทบุรี,1,นายวุฒากร นุตยกุล,ประชาชน,42123,93883,135257.0,101511
12,นนทบุรี,2,นางปัญญารัตน์ นันทภูษิตานนท์,ประชาชน,38013,81123,124496.0,88604
12,นนทบุรี,3,นายอนุสรณ์ แก้ววิเชียร,ประชาชน,47505,96521,140970.0,106780
12,นนทบุรี,4,นายกรณ์ มีดี,ประชาชน,33461,85203,127371.0,92680
12,นนทบุรี,5,นายปรีติ เจริญศิลป์,ประชาชน,41888,96107,137863.0,104631
12,นนทบุรี,6,นายสุทัศน์ มีศิริ,ประชาชน,44405,99026,144044.0,110023
12,นนทบุรี,7,นายเกียรติคุณ ต้นยาง,ประชาชน,41267,93993,142327.0,103313
12,นนทบุรี,8,นายนนท์ ไพศาลลิ้มเจริญกิจ,ประชาชน,36631,88860,121283.0,96509
13,ปทุมธานี,1,นายเจษฎา ดนตรีเสนาะ,ประชาชน,32835,95201,130705.0,102636
13,ปทุมธานี,2,นายศุภชัย นพขำ,เพื่อไทย,36340,97032,128907.0,102812
13,ปทุมธานี,3,นายเอกศักดิ์ หอมชื่น,ประชาชน,42004,84153,131718.0,93799
13,ปทุมธานี,4,นายสกล สุนทรวาณิชย์กิจ,ประชาชน,41039,90836,132041.0,98894
13,ปทุมธานี,5,นายเชตวัน เตือประโคน,ประชาชน,35383,82519,122733.0,89639
13,ปทุมธานี,6,นายธนภัทร ตระกูลภูชัย,ประชาชน,42684,84382,122395.0,91434
13,ปทุมธานี,7,นายพิษณุ พลธี,ภูมิใจไทย,46202,86075,121843.0,92139
13,ปทุมธานี,8,นางสาวพรพิมล ธรรมสาร,ภูมิใจไทย,42730,85346,122404.0,92701
14,พระนครศรีอยุธยา,1,นายทรงพล สุขสมบูรณ์,ภูมิใจไทย,46696,97550,140191.0,106326
14,พระนครศรีอยุธยา,2,นายนพ ชีวานันท์,ภูมิใจไทย,53474,94398,128589.0,102658
14,พระนครศรีอยุธยา,3,นางสาวพิมพฤดา ตันจรารักษ์,ภูมิใจไทย,58072,100331,136428.0,107866
14,พระนครศรีอยุธยา,4,นายคงกฤช รามศักดิ์,ภูมิใจไทย,51469,106913,139523.0,114346
14,พระนครศรีอยุธยา,5,นายปะดิธ สังขจาย,ภูมิใจไทย,46623,98383,133055.0,105917
15,อ่างทอง,1,นายภราดร ปริศนานันทกุล,ภูมิใจไทย,56130,79775,111666.0,85616
15,อ่างทอง,2,นายกรวีร์ ปริศนานันทกุล,ภูมิใจไทย,60611,79838,112384.0,86378
16,ลพบุรี,1,นายนรินทร์ คลังผา,ภูมิใจไทย,38126,100109,151712.0,110263
16,ลพบุรี,2,นางสาวมัลลิกา จิระพันธุ์วานิช,ภูมิใจไทย,58141,110045,149672.0,118851
16,ลพบุรี,3,นางสาวกาญจนาพร จิระพันธุ์วาณิช,ภูมิใจไทย,49264,99225,145648.0,105930
16,ลพบุรี,4,นายวรวงศ์ วรปัญญา,เพื่อไทย,50031,108277,149394.0,116195
17,สิงห์บุรี,1,นายโชติวุฒิ ธนาคมานุสรณ์,ภูมิใจไทย,65555,114708,167134.0,127309
18,ชัยนาท,1,นายอนุชา นาคาศัย,เพื่อไทย,36058,80770,132320.0,94469
18,ชัยนาท,2,นายมณเฑียร สงฆ์ประชา,ภูมิใจไทย,54585,84484,130196.0,95079
19,สระบุรี,1,นายขุนทอง แสนวิเศษ,ภูมิใจไทย,31958,88053,128124.0,98444
19,สระบุรี,2,นายอรรถพล วงษ์ประยูร,ภูมิใจไทย,37225,99146,136691.0,107815
19,สระบุรี,3,นายวัชรพงศ์ คูวิจิตรสุวรรณ,ภูมิใจไทย,53967,91451,125851.0,99297
19,สระบุรี,4,นายองอาจ วงษ์ประยูร,กล้าธรรม,48159,90067,128318.0,100197
20,ชลบุรี,1,นายสุชาติ ชมกลิ่น,ภูมิใจไทย,46253,97585,137328.0,104346
20,ชลบุรี,2,นางสาววรรณิดา นพสิทธิ์,ประชาชน,30061,78825,113941.0,84051
20,ชลบุรี,3,ร้อยตำรวจเอก สิทธิพัฒน์ ภาวสุทธิ์,ภูมิใจไทย,42501,90301,127143.0,98529
20,ชลบุรี,4,นายจิรวุฒิ สิงห์โตทอง,ภูมิใจไทย,45751,80770,120267.0,88809
20,ชลบุรี,5,นายอนันต์ ปรีดาสุทธิจิตต์,ภูมิใจไทย,52767,95514,134987.0,103979
20,ชลบุรี,6,นางนฤมาศ เปี่ยมบัณฑิต,ประชาชน,41248,89423,138584.0,96545
20,ชลบุรี,7,นายสหัสวัต คุมคง,ประชาชน,39986,82754,127875.0,88767
20,ชลบุรี,8,นายเชาวลิตร แสงอุทัย,ภูมิใจไทย,37623,86994,140456.0,94308
20,ชลบุรี,9,นายยอดชาย พึ่งพร,ประชาชน,27602,62409,122755.0,69180
20,ชลบุรี,10,นายธนาธาร ประมูลพงษ์,ประชาชน,27129,82457,134698.0,89099
21,ระยอง,1,นางสาวกมนทรรศน์ กิตติสุนทรสกุล,ประชาชน,36934,85091,121750.0,91421
21,ระยอง,2,นายกฤช ศิลปชัย,ประชาชน,33687,68551,116650.0,77741
21,ระยอง,3,นายพศิน ปิตุเตชะ,ประชาธิปัตย์,26873,76463,124375.0,85323
21,ระยอง,4,นายฉัตรชัย ปิตุเตชะ,ภูมิใจไทย,46134,87526,129478.0,94724
21,ระยอง,5,นายวัชรพงษ์ ศิริรักษ์,ประชาชน,37569,81289,129572.0,89547
22,จันทบุรี,1,พลตำรวจโท สุรพล วิรัตน์โยสินทร์,ภูมิใจไทย,32984,100866,148036.0,110531
22,จันทบุรี,2,นายคัมภีร์ ชื่นบาน,ภูมิใจไทย,39979,91807,142477.0,102880
22,จันทบุรี,3,นายชรัตน์ เนรัญชร,ภูมิใจไทย,31798,91176,142294.0,101001
23,ตราด,1,นายพิชานนท์ อิงประสาร,ภูมิใจไทย,66399,115576,176946.0,125215
24,ฉะเชิงเทรา,1,นางฐิติมา ฉายแสง,เพื่อไทย,38717,96004,146676.0,110016
24,ฉะเชิงเทรา,2,นายอรรถกร ศิริลัทธยากร,กล้าธรรม,50833,109828,142226.0,118518
24,ฉะเชิงเทรา,3,นายชัยวัฒน์ เป้าเปี่ยมทรัพย์,กล้าธรรม,52758,93753,145910.0,104600
24,ฉะเชิงเทรา,4,จ่าเอก ยศสิงห์ เหลี่ยมเลิศ,กล้าธรรม,47969,112107,154572.0,122283
25,ปราจีนบุรี,1,นายอำนาจ วิลาวัลย์,ภูมิใจไทย,42309,82923,129363.0,94811
25,ปราจีนบุรี,3,นายสฤษดิ์ บุตรเนียร,ภูมิใจไทย,45193,84347,132022.0,93849
26,นครนายก,1,นายปิยวัฒน์ กิตติธเนศวร,กล้าธรรม,33707,76781,104054.0,82830
26,นครนายก,2,นายเกรียงไกร กิตติธเนศวร,ภูมิใจไทย,34897,80797,108945.0,87699
27,สระแก้ว,1,นายบดี เทียนทอง,พลังประชารัฐ,56083,89613,147502.0,97584
27,สระแก้ว,2,นางสาวตรีนุช เทียนทอง,พลังประชารัฐ,60370,89351,145146.0,97464
27,สระแก้ว,3,นายสุรศักดิ์ ชิงนวรรณ์,กล้าธรรม,38812,92868,151072.0,101937
30,นครราชสีมา,1,นายฉัตร สุภัทรวณิชย์,ประชาชน,32534,80985,128270.0,90557
30,นครราชสีมา,2,นายวัชรพล โตมรศักดิ์,เพื่อไทย,39980,96710,141226.0,105850
30,นครราชสีมา,3,นายศุทธสิทธิ์ พจน์ฐศักดิ์,ประชาชน,37699,92622,136554.0,102530
30,นครราชสีมา,4,นางสาวณัฐจิรา อิ่มวิเศษ,เพื่อไทย,34719,84302,131759.0,93980
30,นครราชสีมา,5,นายสมเกียรติ ตันดิลกตระกูล,เพื่อไทย,38845,87644,133508.0,95129
30,นครราชสีมา,6,นางพัชราวรรณ ภิญโญ,เพื่อไทย,27973,81811,133507.0,85762
30,นครราชสีมา,7,นางสาวปิยะนุช ยินดีสุข,เพื่อไทย,40228,76958,136725.0,81993
30,นครราชสีมา,8,นายนิกร โสมกลาง,เพื่อไทย,51840,79521,133816.0,88226
30,นครราชสีมา,9,นายพลพีร์ สุวรรณฉวี,ภูมิใจไทย,41235,87655,135762.0,92485
30,นครราชสีมา,10,นายบุญจง วงศ์ไตรรัตน์,ภูมิใจไทย,43185,104308,138131.0,112031
30,นครราชสีมา,11,นายอาทิตย์ หวังศุภกิจโกศล,เพื่อไทย,53069,85016,132159.0,93602
30,นครราชสีมา,12,นายนรเสฏฐ์ ศิริโรจนกุล,เพื่อไทย,47794,86006,132388.0,94858
30,นครราชสีมา,13,นายพชร จันทรรวงทอง,เพื่อไทย,28157,66505,130106.0,78490
30,นครราชสีมา,14,นายหนึ่ง ขัติยะนนท์,ประชาชน,29003,73189,130744.0,83594
30,นครราชสีมา,15,นายรชตะ ด่านกุล,เพื่อไทย,37242,95199,138615.0,99862
30,นครราชสีมา,16,นายตติรัฐ รัตนเศรษฐ,ภูมิใจไทย,32139,83999,136002.0,89343
31,บุรีรัมย์,1,นายสนอง เทพอักษรณรงค์,ภูมิใจไทย,57074,78889,125326.0,86182
31,บุรีรัมย์,2,นางสาวณัฐธิดา เล็กอุดากร,ภูมิใจไทย,56479,75055,127640.0,81656
31,บุรีรัมย์,3,นายอดิพงษ์ ฐิติพิทยา,ภูมิใจไทย,56210,72175,125637.0,77430
31,บุรีรัมย์,4,นายชนกันต์ ทิมาตฤกะ,ภูมิใจไทย,51536,69445,121519.0,74514
31,บุรีรัมย์,5,นายโสภณ ซารัมย์,ภูมิใจไทย,53732,76650,131438.0,82315
31,บุรีรัมย์,6,นายศักดิ์ ซารัมย์,ภูมิใจไทย,51523,73608,130776.0,79738
31,บุรีรัมย์,7,นายพรชัย ศรีสุริยันโยธิน,ภูมิใจไทย,45919,74537,122067.0,80097
31,บุรีรัมย์,8,นายไตรเทพ งามกมล,ภูมิใจไทย,53217,78428,126957.0,85265
31,บุรีรัมย์,9,นายรุ่งโรจน์ ทองศรี,ภูมิใจไทย,57197,73695,127988.0,79746
31,บุรีรัมย์,10,นายจักรกฤษณ์ ทองศรี,ภูมิใจไทย,52091,69176,121304.0,74757
32,สุรินทร์,1,นางสาวเบญญา มุ่งเจริญพร,ภูมิใจไทย,46167,85981,136098.0,94060
32,สุรินทร์,2,นายณัฏฐพล จรัสรพีพงษ์,ภูมิใจไทย,53228,89433,140119.0,95003
32,สุรินทร์,3,นางสาวผกามาศ เจริญพันธ์,ภูมิใจไทย,50333,79639,137349.0,84655
32,สุรินทร์,4,นางสาวสุรีย์ ธัมมาตร,ภูมิใจไทย,44913,80530,139651.0,85085
32,สุรินทร์,5,นายภุชงค์ สุภัควรางกูร,ภูมิใจไทย,41671,79444,135454.0,82574
32,สุรินทร์,6,นายล้ำเลิศ พัวพัฒนโชติ,ภูมิใจไทย,52005,76550,133978.0,81526
32,สุรินทร์,7,นายเรืองวิทย์ คูณวัฒนาพงษ์,ภูมิใจไทย,43239,84840,136450.0,91439
32,สุรินทร์,8,นางปทิดา ตันติรัตนานนท์,ภูมิใจไทย,52673,78919,136843.0,85240
33,ศรีสะเกษ,1,นายสิริพงศ์ อังคสกุลเกียรติ,ภูมิใจไทย,53220,94666,132927.0,98770
33,ศรีสะเกษ,2,นายศุภกิจ สีหาภาค,ภูมิใจไทย,35712,80721,128729.0,85060
33,ศรีสะเกษ,3,นายธนา กิจไพบูลย์ชัย,ภูมิใจไทย,51942,76586,128022.0,82061
33,ศรีสะเกษ,4,นายชิตพล ไตรสรณกุล,ภูมิใจไทย,43534,77864,122479.0,82768
33,ศรีสะเกษ,5,นางสาวจินณ์ตวรรณ ไตรสรณกุล,ภูมิใจไทย,39108,79671,127679.0,85062
33,ศรีสะเกษ,6,นายวีระพล จิตสัมฤทธิ์,เพื่อไทย,31345,79063,128551.0,83911
33,ศรีสะเกษ,7,นางสาววิลดา อินฉัตร,เพื่อไทย,36190,78631,126857.0,84203
33,ศรีสะเกษ,8,นายอาสพลธ์ สรรณ์ไตรภพ,ภูมิใจไทย,59873,84175,133124.0,89354
33,ศรีสะเกษ,9,นายวิทวัส ไตรสรณกุล,ภูมิใจไทย,39667,88566,139255.0,93002
34,อุบลราชธานี,1,นายวรสิทธิ์ กัลป์ตินันท์,เพื่อไทย,32328,87991,132480.0,99448
34,อุบลราชธานี,2,นายณรงค์ชัย วีระกุล,ไทรวมพลัง,36198,91206,136569.0,97134
34,อุบลราชธานี,3,นางพิมพกาญจน์ พลสมัคร,ไทรวมพลัง,43632,86097,139753.0,93751
34,อุบลราชธานี,4,นางสาวกิตติ์ธัญญา วาจาดี,เพื่อไทย,37794,100779,150321.0,112955
34,อุบลราชธานี,5,นายสุทธิชัย จรูญเนตร,ภูมิใจไทย,52151,80991,131064.0,86404
34,อุบลราชธานี,6,นางสาวธัญธารีย์ สันตพันธุ์,เพื่อไทย,33345,78144,132010.0,83930
34,อุบลราชธานี,7,นางสาวสุดารัตน์ พิทักษ์พรพัลลภ,ภูมิใจไทย,45003,87014,131259.0,90567
34,อุบลราชธานี,8,นางสาวแนน บุณย์ธิดา สมชัย,ภูมิใจไทย,36651,87156,137335.0,92164
34,อุบลราชธานี,9,นางจิตรวรรณ หวังศุภกิจโกศล,ไทรวมพลัง,42832,78470,130179.0,83647
34,อุบลราชธานี,10,นายสมศักดิ์ บุญประชม,ไทรวมพลัง,66909,85556,141083.0,93234
34,อุบลราชธานี,11,นางสาวตวงทิพย์ จินตะเวช,ภูมิใจไทย,58379,80032,135277.0,85958
35,ยโสธร,1,นางสุภาพร สลับศรี,ภูมิใจไทย,49334,100743,144704.0,105736
35,ยโสธร,2,นายวรายุทธ จงอักษร,ภูมิใจไทย,51233,90902,141191.0,94115
35,ยโสธร,3,นายธนพัฒน์ ศรีชนะ,ภูมิใจไทย,44970,93914,146753.0,99570
36,ชัยภูมิ,1,นายโอซิษฐ์ เกียรติก้องชูชัย,เพื่อไทย,40748,81673,129541.0,88777
36,ชัยภูมิ,2,นายเชิงชาย ชาลีรินทร์,เพื่อไทย,54996,79326,133561.0,87136
36,ชัยภูมิ,3,นายสัมฤทธิ์ แทนทรัพย์,ภูมิใจไทย,48116,75289,127154.0,80751
36,ชัยภูมิ,4,นางสาวสุชาดา ซาง แทนทรัพย์,ภูมิใจไทย,36907,72809,121184.0,76539
36,ชัยภูมิ,5,นายศิวะ พงศ์ธีระดุลย์,เพื่อไทย,29851,85450,132089.0,89483
36,ชัยภูมิ,6,นายเชวงศักดิ์ เร่งไพบูลย์วงษ์,ภูมิใจไทย,50655,83346,134526.0,89261
36,ชัยภูมิ,7,นายอัครแสนคีรี โล่ห์วีระ,กล้าธรรม,40833,81542,126889.0,84732
37,อำนาจเจริญ,1,นางสุขสมรวย วันทนียกุล,ภูมิใจไทย,44199,91024,145524.0,97677
37,อำนาจเจริญ,2,นางญาญีนาถ เข็มนาค,ภูมิใจไทย,43016,93862,157168.0,103473
38,บึงกาฬ,1,นายสยาม เพ็งทอง,ภูมิใจไทย,37182,69624,104720.0,74245
38,บึงกาฬ,2,นายสุริยา แป้นสุขา,ภูมิใจไทย,26482,72072,109327.0,75005
38,บึงกาฬ,3,นายวิโรจน์ สาระวงศ์,ภูมิใจไทย,34041,70033,118401.0,76221
39,หนองบัวลำภู,1,นายชยานันท์ เกตุเมฆ,กล้าธรรม,31594,86812,139258.0,91459
39,หนองบัวลำภู,2,นายรุ่งเพชร ศรีกาญจนา,เพื่อไทย,36663,79482,135971.0,83652
39,หนองบัวลำภู,3,นายพรณรงค์ นิลนะมะ,กล้าธรรม,26322,77865,133308.0,82630
40,ขอนแก่น,1,นายวีรนันท์ ฮวดศรี,ประชาชน,35303,83007,128250.0,91147
40,ขอนแก่น,2,นายอิทธิพล ชลธราศิริ,ประชาชน,41012,96299,138811.0,105501
40,ขอนแก่น,3,นายเอกชัย สืบสารคาม,กล้าธรรม,30645,84748,132197.0,90629
40,ขอนแก่น,4,นายรุ่งโรจน์ เย็นสบาย,เพื่อไทย,40255,90702,130877.0,95728
40,ขอนแก่น,5,นายปราชญา หงอกชัย,กล้าธรรม,36120,81109,131801.0,85145
40,ขอนแก่น,6,นายวิศรุต ปู่เพิ่ง,ภูมิใจไทย,43246,79916,129906.0,86154
40,ขอนแก่น,7,นายสุรพจน์ เตาะเจริญสุข,เพื่อไทย,32796,83207,132364.0,90247
40,ขอนแก่น,8,นายธนิก มาสีพิทักษ์,กล้าธรรม,33926,89683,139634.0,96586
40,ขอนแก่น,9,นายณัฐพล กลุ่มเหรียญทอง,เพื่อไทย,42803,81101,127326.0,85016
40,ขอนแก่น,10,นายพชรกร อรรณนพพร,ภูมิใจไทย,39396,83757,135110.0,89102
40,ขอนแก่น,11,นายองอาจ ฉัตรชัยพลรัตน์,ภูมิใจไทย,48810,76313,131498.0,82562
41,อุดรธานี,1,นายอานันท์ อมรินทร์,ประชาชน,30558,76456,127011.0,84507
41,อุดรธานี,2,นางหทัยรัตน์ เพชรพนมพร,เพื่อไทย,29377,82554,130457.0,89477
41,อุดรธานี,3,นายหรั่ง ธุระพล,ภูมิใจไทย,33013,75808,125833.0,79803
41,อุดรธานี,4,นายไตรภพ คำเพชร,เพื่อไทย,29757,70876,126481.0,74870
41,อุดรธานี,5,นางบัวเงิน รอดขันเมือง,ภูมิใจไทย,28475,69548,123472.0,73659
41,อุดรธานี,6,นายอดิศักดิ์ แก้วมุงคุณทรัพย์,ภูมิใจไทย,36722,77505,126378.0,80892
41,อุดรธานี,7,นายสุริยา วงศ์อารีย์,ประชาชน,28786,71025,128249.0,77512
41,อุดรธานี,8,นายสุภีรภัทร ภูมิภักดิ์,ภูมิใจไทย,38137,71066,122656.0,76246
41,อุดรธานี,9,นายวัชระพล ขาวขำ,เพื่อไทย,29522,73427,124798.0,80810
41,อุดรธานี,10,นางเทียบจุฑา ขาวขำ,เพื่อไทย,31589,72317,122907.0,79295
42,เลย,1,นายเลิศศักดิ์ พัฒนชัยกุล,เพื่อไทย,42730,85064,125704.0,93879
42,เลย,2,นายศรัณย์ ทิมสุวรรณ,เพื่อไทย,27956,72730,132976.0,83494
42,เลย,3,นายธนยศ ทิมสุวรรณ,ภูมิใจไทย,51525,83065,126135.0,91957
42,เลย,4,นายสมเจตน์ แสงเจริญรัตน์,เพื่อไทย,30145,74118,123919.0,85019
43,หนองคาย,1,นายกระแสร์ ตระกูลพรพงศ์,พลังประชารัฐ,30866,88967,139496.0,95511
43,หนองคาย,2,นายยุทธนา ศรีตะบุตร,พลังประชารัฐ,30322,81218,136455.0,85701
43,หนองคาย,3,นายศักดิ์ดา จันทรสุวรรณ,ภูมิใจไทย,36917,78176,137314.0,87064
44,มหาสารคาม,1,นายฤทธิรงค์ ภูมิสวัสดิ์,ภูมิใจไทย,32493,84916,129888.0,90569
44,มหาสารคาม,2,นายประวัติ ทองสมบูรณ์,ภูมิใจไทย,32203,78715,128380.0,82745
44,มหาสารคาม,3,นายลัทธชัย โชคชัยวัฒนากร,ภูมิใจไทย,39612,84786,130076.0,87676
44,มหาสารคาม,4,นายวิเชียร จงชูวณิชย์,ภูมิใจไทย,30843,80681,125931.0,84945
44,มหาสารคาม,5,นายจิรวัฒน์ ศิริพานิชย์,เพื่อไทย,36149,77618,132454.0,84701
44,มหาสารคาม,6,นางคมคาย อุดรพิมพ์,ภูมิใจไทย,38939,87058,128307.0,91663
45,ร้อยเอ็ด,1,นายอนุรักษ์ จุรีมาศ,ภูมิใจไทย,50238,89385,126135.0,94576
45,ร้อยเอ็ด,2,นายเอกรัฐ พลชื่อ,กล้าธรรม,43764,86974,136681.0,91762
45,ร้อยเอ็ด,3,นางรัชนี พลชื่อ,กล้าธรรม,35999,81733,132880.0,85667
45,ร้อยเอ็ด,4,นายศุภศิษย์ กอเจริญยศ,เพื่อไทย,22302,80404,129528.0,83975
45,ร้อยเอ็ด,5,นางสาวจิราพร สินธุไพร,เพื่อไทย,43787,72043,133199.0,79956
45,ร้อยเอ็ด,6,นายทองลี มีหินกอง,เพื่อไทย,33696,76554,130130.0,81281
45,ร้อยเอ็ด,7,นายชัชวาล แพทยาไทย,ไทยสร้างไทย,44414,81314,134383.0,84922
45,ร้อยเอ็ด,8,นางสาวชญาภา สินธุไพร,เพื่อไทย,26860,85433,131264.0,89205
46,กาฬสินธุ์,1,นายวิรัช พิมพะนิตย์,เพื่อไทย,35888,83744,131445.0,90137
46,กาฬสินธุ์,2,นายพลากร พิมพะนิตย์,เพื่อไทย,43696,76321,126190.0,82224
46,กาฬสินธุ์,3,นายจำลอง ภูนวนทา,กล้าธรรม,27385,78033,124253.0,82445
46,กาฬสินธุ์,4,นายณัฐวัชต์ พิมพะนิตย์,เพื่อไทย,35782,85649,136385.0,90104
46,กาฬสินธุ์,5,นางสาวบุญญาภา นาชัยเวียง ปุณณนิฏฐา,ภูมิใจไทย,48271,89758,137299.0,93903
46,กาฬสินธุ์,6,นายชนะวุธ อุทโท,เพื่อไทย,59665,91466,135642.0,95812
47,สกลนคร,1,นายสิรภพ สมผล,กล้าธรรม,27337,90090,133562.0,96161
47,Sakon Nakhon,2,นายชาตรี หล้าพรหม,กล้าธรรม,25737,83880,131918.0,88996
47,สกลนคร,3,นางสาวจิรัชยา สัพโส,เพื่อไทย,48088,78470,133998.0,86140
47,สกลนคร,4,นายพัฒนา สัพโส,เพื่อไทย,29887,75903,132760.0,83327
47,สกลนคร,5,นางสาววงศ์อะเกื้อ บุญศล,กล้าธรรม,27906,79654,129748.0,83538
47,สกลนคร,6,นายบรม เอ่งฉ้วน,ภูมิใจไทย,34892,75062,130058.0,80511
47,สกลนคร,7,นายอิสรพงษ์ อุประ,เพื่อไทย,23571,71830,131938.0,76157
48,นครพนม,1,นางสาวศุภพานี โพธิ์สุ,ภูมิใจไทย,61803,94537,143576.0,98499
48,นครพนม,2,นางมนพร เจริญศรี,เพื่อไทย,51176,85967,143097.0,94215
48,นครพนม,3,นายอลงกต มณีกาศ,ภูมิใจไทย,37134,88863,142454.0,94066
48,นครพนม,4,นายชาญชัย คำจำปา,เพื่อไทย,41312,92181,144802.0,96215
49,มุกดาหาร,1,นายวิริยะ ทองผา,ภูมิใจไทย,31342,98985,141889.0,104804
49,มุกดาหาร,2,นายเลขาดำไตรสรณคมน์ หนองเรือง,กล้าธรรม,42393,94225,138474.0,100884
50,เชียงใหม่,1,นางสาวเพชรรัตน์ ใหม่ชมภู,ประชาชน,47840,93695,137824.0,103006
50,เชียงใหม่,2,นางสาวการณิก จันทดา,ประชาชน,51532,101324,143760.0,113528
50,เชียงใหม่,3,นายณัฐพล โตวิจักษณ์ชัยกุล,ประชาชน,49235,99756,139221.0,111503
50,เชียงใหม่,4,นางสาวพุธิตา ชัยอนันต์,ประชาชน,49641,105843,144891.0,115490
50,เชียงใหม่,5,นายสมชิด กันธะยา,ประชาชน,39120,91933,133210.0,102641
50,เชียงใหม่,6,นางสาวสุภานันท์ ปัญญาทิพย์,กล้าธรรม,33043,81574,127678.0,91404
50,เชียงใหม่,7,นายการุณย์ คูเจริญชัยกุล,กล้าธรรม,33492,90578,133190.0,98463
50,เชียงใหม่,8,นายภัทรพงษ์ ลีลาภัทร์,ประชาชน,57851,106179,141156.0,116389
50,เชียงใหม่,9,นายนเรศ ธำรงค์ทิพยคุณ,กล้าธรรม,43388,96198,126132.0,105624
50,เชียงใหม่,10,นายนรพล ตันติมนตรี,กล้าธรรม,34102,80699,121655.0,91752
51,ลำพูน,1,นายวิทวิสิทธิ์ ปันสวนปลูก,ประชาชน,66093,125326,170916.0,140617
51,ลำพูน,2,นายชัชพีร์ วรรณาพิรัชย์,ประชาชน,49316,116879,162313.0,131679
52,ลำปาง,1,นางทิพา ปวีณาเสถียร,ประชาชน,47614,98457,146327.0,112100
52,ลำปาง,2,นายดาชัย เอกปฐพี,กล้าธรรม,35828,98377,150942.0,111667
52,ลำปาง,3,นายชลธานี เชื้อน้อย,ประชาชน,41016,100661,147051.0,112970
52,ลำปาง,4,นางสาวเพ็ญภัค รัตนคำฟู,กล้าธรรม,38171,104442,157730.0,115740
53,อุตรดิตถ์,1,นายพิชญุตม์ พอจิต,ภูมิใจไทย,37418,80546,118176.0,87587
53,อุตรดิตถ์,2,นางสาวรสรินทร์ ศรัณย์เกตุ,โอกาสใหม่,31560,74992,125051.0,83114
53,อุตรดิตถ์,3,นายรวี เล็กอุทัย,เพื่อไทย,40926,74882,123483.0,84565
54,แพร่,1,นางสาวชนกนันท์ ศุภศิริ,ภูมิใจไทย,40738,92581,122115.0,98225
54,แพร่,2,นายชนาธิป ศุภศิริ,ภูมิใจไทย,54734,83283,116303.0,88953
54,แพร่,3,นางสาวลักษณารีย์ ดวงตาดำ,ประชาชน,23987,73590,121732.0,84246
55,น่าน,2,นายประสิทธิ์ โนทะ,กล้าธรรม,38228,90486,129540.0,98561
55,น่าน,3,นายเจริญ อภิภัทรโกศล,ประชาชน,26189,79242,119751.0,89542
56,พะเยา,1,นายอัครา พรหมเผ่า,กล้าธรรม,66739,91616,124913.0,94639
56,พะเยา,2,นายอนุรัตน์ ตันบรรจง,กล้าธรรม,55400,88518,127935.0,96038
56,พะเยา,3,นายจีรเดช ศรีวิราช,กล้าธรรม,59470,89651,130337.0,97854
57,เชียงราย,1,นายธนรัช จงสุทธานามณี,เพื่อไทย,44084,98917,141608.0,109317
57,เชียงราย,2,นางสาวปิยะรัฐชย์ ติยะไพรัช,เพื่อไทย,34901,88811,132614.0,100731
57,เชียงราย,3,นายพิทักษ์ แสงคำ,กล้าธรรม,34046,91475,139953.0,104922
57,เชียงราย,4,นายสุรสิทธิ์ เจียมวิจักษณ์,กล้าธรรม,34210,95195,141565.0,107048
57,เชียงราย,5,นายรังสรรค์ วันไชยธนวงศ์,ภูมิใจไทย,53198,91365,132028.0,99604
57,เชียงราย,6,นางมลธิชา ไชยบาล,กล้าธรรม,28526,76481,126682.0,85892
57,เชียงราย,7,นายสุธีระพงษ์ วันไชยธนวงศ์,กล้าธรรม,33398,89036,134194.0,97669
58,แม่ฮ่องสอน,1,นายปกรณ์ จีนาคำ,กล้าธรรม,35870,61134,95247.0,68159
58,แม่ฮ่องสอน,2,นายสมบัติ ยะสินธุ์,ภูมิใจไทย,24897,67196,96023.0,74409
60,นครสวรรค์,1,นางสาวภัทราวดี นิโรจน์,ภูมิใจไทย,48861,90110,138722.0,99113
60,นครสวรรค์,2,นายชานนท์ ไทยเศรษฐ์,ภูมิใจไทย,47296,96984,137003.0,104185
60,นครสวรรค์,3,นายสัญญา นิลสุพรรณ,กล้าธรรม,53454,90997,146592.0,100028
60,นครสวรรค์,4,นายมารุต ศรีผึ้ง,ภูมิใจไทย,55825,83748,139645.0,92413
60,นครสวรรค์,5,นายพีระเดช ศิริวันสาณฑ์,ภูมิใจไทย,61430,87228,139526.0,94811
60,นครสวรรค์,6,นายประสาท ตันประเสริฐ,ภูมิใจไทย,36543,85258,136823.0,90286
61,อุทัยธานี,1,นายเจเศรษฐ์ ไทยเศรษฐ์,ภูมิใจไทย,56483,76524,127311.0,84560
61,อุทัยธานี,2,นายชาดา ไทยเศรษฐ์,ภูมิใจไทย,54284,77470,134528.0,83898
62,กำแพงเพชร,1,นายไผ่ ลิกค์,กล้าธรรม,45347,90911,144685.0,101442
62,กำแพงเพชร,2,นายเพชรภูมิ อาภรณ์รัตน์,กล้าธรรม,42302,97504,147930.0,105321
62,กำแพงเพชร,3,นายนพพล ผลอำนวย,เพื่อไทย,33653,83994,137857.0,91355
62,กำแพงเพชร,4,นายสุรสิทธิ์ วงศ์วิทยานันท์,เพื่อไทย,38450,86283,138876.0,93620
63,ตาก,1,นายธนัสถ์ ทวีเกื้อกูลกิจ,ภูมิใจไทย,37819,96390,150581.0,105329
63,ตาก,2,นายชิงชัย ก่อประภากิจ,กล้าธรรม,25259,61640,136061.0,89186
63,ตาก,3,นายภาคภูมิ บูลย์ประมุข,กล้าธรรม,30644,85954,134495.0,96512
64,สุโขทัย,1,นางสาวณัคนางค์ กุลนาถศิริ,เพื่อไทย,30925,74658,118249.0,84340
64,สุโขทัย,2,นายชูศักดิ์ คีรีมาศทอง,เพื่อไทย,32650,71207,118270.0,78246
64,สุโขทัย,3,นางสาวประภาพร ทองปากน้ำ,เพื่อไทย,47516,73310,120495.0,83731
64,สุโขทัย,4,นายสมเจตน์ ลิมปะพันธุ์,ภูมิใจไทย,48293,82780,120229.0,87668
65,พิษณุโลก,1,นายณฐชนน ชนะบูรณาศักดิ์,ประชาชน,34692,89782,139505.0,99468
65,พิษณุโลก,2,นายนพพล เหลืองทองนารา,เพื่อไทย,40429,88246,147554.0,101319
65,พิษณุโลก,3,นายพงษ์มนู ทองหนัก,ภูมิใจไทย,42353,87798,142882.0,94938
65,พิษณุโลก,4,นายนิยม ช่างพินิจ,ภูมิใจไทย,42805,88736,128190.0,94492
65,พิษณุโลก,5,นายจุติ ไกรฤกษ์,ภูมิใจไทย,34149,87172,132621.0,94537
66,พิจิตร,1,นายภัทรพงศ์ ภัทรประสิทธิ์,ภูมิใจไทย,53293,91069,145512.0,100830
66,พิจิตร,2,นายวินัย ภัทรประสิทธิ์,ภูมิใจไทย,46639,83178,140325.0,91079
66,พิจิตร,3,นายศิริวัฒน์ ขจรประศาสน์,ภูมิใจไทย,39021,94660,141664.0,100598
67,เพชรบูรณ์,1,นางสาวพิมพ์พร พรพฤฒิพันธุ์,ภูมิใจไทย,50631,80633,131143.0,88736
67,เพชรบูรณ์,2,นายยุพราช บัวอินทร์,ภูมิใจไทย,41515,95529,131081.0,100198
67,เพชรบูรณ์,3,นายบุญชัย กิตติธราทรัพย์,ภูมิใจไทย,39652,85510,126659.0,92278
67,เพชรบูรณ์,4,นายวรโชติ สุคนธ์ขจร,ภูมิใจไทย,48590,72394,126049.0,78124
67,เพชรบูรณ์,5,นางวันเพ็ญ พร้อมพัฒน์,ภูมิใจไทย,45747,73475,132078.0,81841
67,เพชรบูรณ์,6,นายอัคร ทองใจสด,ภูมิใจไทย,59008,81129,137973.0,87505
70,ราชบุรี,1,นางสาวกุลวลี นพอมรบดี,ภูมิใจไทย,56407,97874,140141.0,106701
70,ราชบุรี,2,นางบุญยิ่ง นิติกาญจนา,กล้าธรรม,43510,89818,139159.0,101443
70,ราชบุรี,3,นายจตุพร กมลพันธ์ทิพย์,กล้าธรรม,51702,96267,143882.0,115223
70,ราชบุรี,4,นายอัครเดช วงษ์พิทักษ์โรจน์,ภูมิใจไทย,55778,107579,140230.0,112928
70,ราชบุรี,5,นายบุญลือ ประเสริฐโสภา,ภูมิใจไทย,45150,108560,133773.0,114688
71,กาญจนบุรี,1,นายอัครนันท์ กัณณ์กิตตินันท์,เพื่อไทย,38572,85850,133198.0,96564
71,กาญจนบุรี,2,นายชูเกียรติ จีนาภักดิ์,ภูมิใจไทย,39327,97680,131663.0,103736
71,กาญจนบุรี,3,นายยศวัฒน์ มาไพศาลสิน,ภูมิใจไทย,50759,107950,136011.0,113958
71,กาญจนบุรี,4,นางสาววิสุดา วิเชียรศิลป์,ภูมิใจไทย,52505,82897,133796.0,93526
71,กาญจนบุรี,5,นายพนม โพธิ์แก้ว,เพื่อไทย,39023,82962,122645.0,89052
72,สุพรรณบุรี,1,นายสรชัด สุจิตต์,ภูมิใจไทย,63205,94634,135381.0,102476
72,สุพรรณบุรี,2,นายณัฐวุฒิ ประเสริฐสุวรรณ,ภูมิใจไทย,45546,84520,129576.0,91578
72,สุพรรณบุรี,3,นายณัฐชาติ วงศ์ประเสริฐ,กล้าธรรม,47179,101452,130523.0,106772
72,สุพรรณบุรี,4,นายเสมอกัน เที่ยงธรรม,ภูมิใจไทย,58049,90996,137556.0,99626
72,สุพรรณบุรี,5,นายประภัตร โพธสุธน,ภูมิใจไทย,60036,98539,144799.0,108630
73,นครปฐม,1,นายศุภโชค ศรีสุขจร,ภูมิใจไทย,57347,95931,129731.0,104422
73,นครปฐม,2,พันโท สินธพ แก้วพิจิตร,กล้าธรรม,44487,88517,120935.0,96412
73,นครปฐม,3,นายพาณุวัฒณ์ สะสมทรัพย์,ภูมิใจไทย,48099,83624,119354.0,91278
73,นครปฐม,4,พันเอก สุขชาต สะสมทรัพย์,ภูมิใจไทย,50336,97930,128771.0,105127
73,นครปฐม,5,นายอนุชา สะสมทรัพย์,ภูมิใจไทย,40896,99742,131064.0,107208
73,นครปฐม,6,นายชลพฤกษ วงศ์อรุณนิยม,ประชาชน,38535,89774,126887.0,97368
74,สมุทรสาคร,1,นายณัฐพงษ์ สุมโนธรรม,ประชาชน,32553,80970,119400.0,88046
74,สมุทรสาคร,2,นายอนุสรณ์ ไกรวัตนุสสรณ์,ภูมิใจไทย,34749,78050,119053.0,85606
74,สมุทรสาคร,3,นายศิริโรจน์ ธนิกกุล,ประชาชน,30787,74704,111970.0,81870
74,สมุทรสาคร,4,นายปัญญา ซวนบุญ,ภูมิใจไทย,42758,78327,112307.0,84850
75,สมุทรสงคราม,1,นายอานุภาพ ลิขิตอำนวยชัย,ประชาชน,39592,101938,156144.0,113409
76,เพชรบุรี,1,นางธิวัลรัตน์ อังกินันทน์,ภูมิใจไทย,61734,89618,125465.0,99383
76,เพชรบุรี,2,นายฤกษ์ อยู่ดี,ภูมิใจไทย,67251,95907,139314.0,105819
76,เพชรบุรี,3,จ่าอากาศเอก อภิชาติ แก้วโกศล,ภูมิใจไทย,71153,95005,131561.0,103294
77,ประจวบคีรีขันธ์,1,นายสังคม แดงโชติ,ภูมิใจไทย,51582,112249,152841.0,118298
77,ประจวบคีรีขันธ์,2,นายจักพันธ์ ปิยพรไพบูลย์,กล้าธรรม,43420,96454,146320.0,103565
77,ประจวบคีรีขันธ์,3,นายพงษ์พันธ์ เผ่าประทาน,ภูมิใจไทย,33978,98409,138338.0,103420
80,นครศรีธรรมราช,1,นายทรงศักดิ์ มุสิกอง,ประชาธิปัตย์,39225,91623,132977.0,99799
80,นครศรีธรรมราช,2,นางสาวนันทวัน วิเชียร,ภูมิใจไทย,45334,91714,141832.0,100576
80,นครศรีธรรมราช,3,นายพิทักษ์เดช เดชเดโช,ประชาธิปัตย์,47554,93045,133600.0,98207
80,นครศรีธรรมราช,4,นางกนกพร เดชเดโช,ประชาธิปัตย์,44890,97047,135858.0,103162
80,นครศรีธรรมราช,5,นายสมศักดิ์ แสงอารยะกุล,กล้าธรรม,36801,100294,140274.0,106726
80,นครศรีธรรมราช,6,นายจอมไกร สวัสดิวงศ์,ประชาธิปัตย์,43293,100028,134535.0,105027
80,นครศรีธรรมราช,7,นายอภินันท์ สโมสร,ภูมิใจไทย,38684,82744,136273.0,99078
80,นครศรีธรรมราช,8,นางอวยพรศรี เชาวลิต,ภูมิใจไทย,54040,92847,136225.0,99928
80,นครศรีธรรมราช,9,นางสาวพิมพ์ภัทรา วิชัยกุล,ภูมิใจไทย,46473,96071,139759.0,102098
81,กระบี่,1,นายกิตติ กิตติธรกุล,ภูมิใจไทย,50493,90061,128645.0,97431
81,กระบี่,2,นายถิรเดช ตั้งมั่นก่อกิจ,ภูมิใจไทย,42714,78999,117641.0,86116
81,กระบี่,3,นายกิตติชัย เอ่งฉ้วน,ภูมิใจไทย,47416,87853,124286.0,94677
82,พังงา,1,นายอรรถพล ไตรศรี,ภูมิใจไทย,36274,66345,100343.0,74406
82,พังงา,2,นายฉกาจ พัฒนกิจวิบูลย์,ภูมิใจไทย,26513,75502,110773.0,83093
83,ภูเก็ต,1,ว่าที่ร้อยตรีสมชาติ เตชถาวรเจริญ,ประชาชน,19558,66360,103958.0,72889
83,ภูเก็ต,2,นายเฉลิมพงศ์ แสงดี,ประชาชน,24877,63459,107981.0,71865
83,ภูเก็ต,3,นางสาวอรทัย เกิดทรัพย์,กล้าธรรม,30360,75128,117627.0,82182
84,สุราษฎร์ธานี,1,นางสาวกานสินี โอภาสรังสรรค์,ภูมิใจไทย,27647,76258,117091.0,83141
84,สุราษฎร์ธานี,2,นายพิพิธ รัตนรักษ์,ภูมิใจไทย,27071,81419,118867.0,86508
84,สุราษฎร์ธานี,3,นางสาววชิราภรณ์ กาญจนะ,ไทรวมพลัง,39958,88689,120055.0,94207
84,สุราษฎร์ธานี,4,นายสมชาติ ประดิษฐพร,ประชาธิปัตย์,43384,94443,123380.0,98789
84,สุราษฎร์ธานี,5,นายปรเมษฐ์ จินา,กล้าธรรม,30967,88782,121937.0,93476
84,สุราษฎร์ธานี,6,นายพิชัย ชมภูพล,ภูมิใจไทย,31707,98147,125056.0,102222
84,สุราษฎร์ธานี,7,นายพงษ์ศักดิ์ จ่าแก้ว,กล้าธรรม,40358,92005,120275.0,96637
85,ระนอง,1,นายคงกฤษ ฉัตรมาลีรัตน์,ภูมิใจไทย,59363,83719,143308.0,96299
86,ชุมพร,1,นายวิชัย สุดสวาสดิ์,ภูมิใจไทย,45966,96247,137061.0,104168
86,ชุมพร,2,นายกิตติศักดิ์ พรหมรัตน์,ภูมิใจไทย,35467,101248,136820.0,107786
86,ชุมพร,3,นายสุพล จุลใส,ภูมิใจไทย,42913,94965,135755.0,101287
90,สงขลา,1,นายสรรเพชญ บุญญามณี,ภูมิใจไทย,44252,86955,128135.0,97311
90,สงขลา,2,นายจูรี นุ่มแก้ว,ประชาธิปัตย์,32205,78663,108624.0,82759
90,สงขลา,3,นายสมยศ พลายด้วง,ภูมิใจไทย,36656,93176,133682.0,105979
90,สงขลา,4,นายชนนพัฒฐ์ นาคสั้ว,กล้าธรรม,45863,95854,126618.0,101440
90,สงขลา,5,นายวงศ์วชร ขาวทอง,กล้าธรรม,51130,93808,129703.0,104525
90,สงขลา,6,นายอนุกูล พฤกษานุศักดิ์,ภูมิใจไทย,48391,88960,115747.0,93834
90,สงขลา,7,นายณัฏฐ์ชนน ศรีก่อเกื้อ,ภูมิใจไทย,36128,93120,126580.0,98801
90,สงขลา,8,พล.ต.ต.สุรินทร์ ปาลาเร่,กล้าธรรม,43540,94569,120456.0,99959
90,สงขลา,9,นายศักดิ์สิทธิ์ ขาวทอง,ประชาธิปัตย์,49475,100486,135934.0,110450
91,สตูล,1,นายพีรพัฒน์ รัชกิจประการ,ภูมิใจไทย,38100,81311,116489.0,88455
91,สตูล,2,นายวรศิษฎ์ เลียงประสิทธิ์,ภูมิใจไทย,56595,90555,129527.0,99320
92,ตรัง,1,นายเอกพล ณ พัทลุง,ภูมิใจไทย,35584,90521,124216.0,99277
92,ตรัง,2,นายทวี สุระบาล,ภูมิใจไทย,42668,95121,131993.0,101194
92,ตรัง,3,นายกฤตย์อิชย์ ภาคย์อิชณน์,ประชาธิปัตย์,46916,88101,125344.0,95235
92,ตรัง,4,นายกาญจน์ ตั้งปอง,ประชาธิปัตย์,50809,93671,128358.0,99517
93,พัทลุง,1,นาวาอากาศเอกอธิคุณ คงมี,ภูมิใจไทย,42209,108788,134471.0,113867
93,พัทลุง,2,นายวรท เทอดวีระพงศ์,ภูมิใจไทย,58926,117079,144343.0,122372
93,พัทลุง,3,นายจรัญ จันทร์แก้ว,กล้าธรรม,47653,108849,143511.0,116554
94,ปัตตานี,1,นายบาฮารุดดีน ยูโซะ,ภูมิใจไทย,24377,69214,95574.0,74215
94,ปัตตานี,2,นายคอซีย์ มามุ,ภูมิใจไทย,38541,75926,110666.0,81515
94,ปัตตานี,3,นายบูรฮันธ์ สาเม๊าะ,ภูมิใจไทย,30337,65804,99188.0,70192
94,ปัตตานี,4,นายยูนัยดี วาบา,กล้าธรรม,30170,80409,110256.0,83822
94,ปัตตานี,5,นายสาเหะมูหามัด อัลอิดรุส,ภูมิใจไทย,34313,73268,109944.0,78514
95,ยะลา,1,นายสุไลมาน บือแนปีแน,ประชาชาติ,31446,90522,130009.0,98981
95,ยะลา,2,นายซูการ์โน มะทา,ประชาชาติ,46972,87642,134281.0,96577
95,ยะลา,3,นายอับดุลอายี สาแม็ง,ประชาชาติ,34910,86878,131474.0,95519
96,นราธิวาส,1,นายลุตฟี หะยีอีแต,กล้าธรรม,40637,93825,129176.0,99498
96,นราธิวาส,2,นายอามินทร์ มะยูโต๊ะ,กล้าธรรม,43544,70635,113207.0,77970
96,นราธิวาส,3,นายสัมพันธ์ มะยูโซะ,กล้าธรรม,36480,79299,112278.0,82910
96,นราธิวาส,4,นายซาการียา สะอิ,ภูมิใจไทย,42262,83440,116934.0,86855
96,นราธิวาส,5,นายกมลศักดิ์ ลีวาเมาะ,ประชาชาติ,47012,88775,125332.0,93603
55,น่าน,1,เชาว์วิชญ์ อินน้อย,ประชาชน,34546,95619,,107125
25,ปราจีนบุรี,2,ชยุต ภุมมะกาญจนะ,ภูมิใจไทย,44037,100450,,108244
10,กรุงเทพมหานคร,15,วิทวัส ติชะวาณิชย์,ประชาชน,37321,85901,,92122
